fullName,term,signAge,contractLength,totalValue,aav,isEntryLevel,signSeason,height,weight,birthDate,draftRound,draftOverall,draftYear,undrafted
Andrew Wiggins,2014-2017,18.0,4,24850243.0,6212561.0,1,2013-14,79,197,1995-02-23,1,1,2014,False
Jabari Parker,2014-2016,18.0,3,22239712.0,7413237.0,1,2013-14,80,245,1995-03-15,1,2,2014,False
Joel Embiid,2014-2017,19.0,4,19981026.0,4995257.0,1,2013-14,84,280,1994-03-16,1,3,2014,False
Aaron Gordon,2014-2017,18.0,4,18019460.0,4504865.0,1,2013-14,80,235,1995-09-16,1,4,2014,False
Dante Exum,2014-2017,18.0,4,16325425.0,4081356.0,1,2013-14,77,214,1995-07-13,1,5,2014,False
Marcus Smart,2014-2017,19.0,4,14831260.0,3707815.0,1,2013-14,75,220,1994-03-06,1,6,2014,False
Julius Randle,2014-2017,19.0,4,13545962.0,3386491.0,1,2013-14,80,250,1994-11-29,1,7,2014,False
Nik Stauskas,2014-2017,20.0,4,12415467.0,3103867.0,1,2013-14,78,205,1993-10-07,1,8,2014,False
Noah Vonleh,2014-2017,18.0,4,11418513.0,2854628.0,1,2013-14,82,257,1995-08-24,1,9,2014,False
Elfrid Payton,2014-2017,19.0,4,10849500.0,2712375.0,1,2013-14,75,195,1994-02-22,1,10,2014,False
Doug McDermott,2014-2017,21.0,4,10436434.0,2609109.0,1,2013-14,79,225,1992-01-03,1,11,2014,False
Zach LaVine,2014-2017,18.0,4,9647298.0,2411825.0,1,2013-14,77,200,1995-03-10,1,13,2014,False
Kostas Papanikolaou,2014-2014,23.0,2,9595328.0,4797664.0,1,2013-14,80,225,1990-07-31,2,48,2012,False
T.J. Warren,2014-2017,20.0,4,9276051.0,2319013.0,1,2013-14,80,220,1993-09-05,1,14,2014,False
Lucas Nogueira,2014-2017,21.0,4,8473305.0,2118326.0,1,2013-14,84,241,1992-07-26,1,16,2013,False
Gary Harris,2014-2017,19.0,4,7312615.0,1828154.0,1,2013-14,76,210,1994-09-14,1,19,2014,False
Bruno Caboclo,2014-2017,18.0,4,7023225.0,1755806.0,1,2013-14,81,218,1995-09-21,1,20,2014,False
Rodney Hood,2014-2017,21.0,4,6432184.0,1608046.0,1,2013-14,80,208,1992-10-20,1,23,2014,False
Shabazz Napier,2014-2016,22.0,4,6244560.0,1561140.0,1,2013-14,72,175,1991-07-14,1,24,2014,False
Clint Capela,2014-2017,19.0,4,6062688.0,1515672.0,1,2013-14,82,240,1994-05-18,1,25,2014,False
Adreian Payne,2014-2016,22.0,3,5816400.0,1938800.0,1,2013-14,82,237,1991-02-19,1,15,2014,False
James Young,2014-2016,18.0,3,5249520.0,1749840.0,1,2013-14,78,215,1995-08-16,1,17,2014,False
Joffrey Lauvergne,2014-2016,23.0,3,5209719.0,1736573.0,1,2013-14,83,220,1991-09-30,2,55,2013,False
Tyler Ennis,2014-2016,19.0,3,4986960.0,1662320.0,1,2013-14,75,194,1994-08-24,1,18,2014,False
Mitch McGary,2014-2016,21.0,3,4389120.0,1463040.0,1,2013-14,82,255,1992-06-06,1,21,2014,False
Jerami Grant,2014-2016,19.0,4,4234674.0,1058669.0,1,2013-14,80,210,1994-03-12,2,39,2014,False
Jordan Adams,2014-2016,19.0,3,4213800.0,1404600.0,1,2013-14,77,209,1994-07-08,1,22,2014,False
C.J. Wilcox,2014-2016,23.0,3,3479040.0,1159680.0,1,2013-14,77,195,1990-12-30,1,28,2014,False
Kyle Anderson,2014-2016,20.0,3,3428640.0,1142880.0,1,2013-14,81,230,1993-09-20,1,30,2014,False
Joe Harris,2014-2016,22.0,3,2710369.0,903456.0,1,2013-14,78,220,1991-09-06,2,33,2014,False
Damien Inglis,2014-2016,19.0,3,2655431.0,885144.0,1,2013-14,80,246,1995-05-20,2,31,2014,False
Jarnell Stokes,2014-2016,20.0,3,2550490.0,850163.0,1,2013-14,81,263,1994-01-07,2,35,2014,False
Spencer Dinwiddie,2014-2016,21.0,3,2525490.0,841830.0,1,2013-14,77,215,1993-04-06,2,38,2014,False
Johnny O'Bryant,2014-2016,21.0,3,2425490.0,808497.0,1,2013-14,81,257,1993-06-01,2,36,2014,False
P.J. Hairston,2014-2015,21.0,2,2351160.0,1175580.0,1,2013-14,78,230,1992-12-24,1,26,2014,False
Drew Gordon,2014-2016,24.0,3,2332836.0,777612.0,1,2013-14,81,245,1990-07-12,0,0,0,True
Nick Johnson,2014-2016,21.0,3,2332826.0,777609.0,1,2013-14,75,202,1992-12-22,2,42,2014,False
Russ Smith,2014-2016,23.0,3,2332826.0,777609.0,1,2013-14,72,165,1991-04-19,2,47,2014,False
Cameron Bairstow,2014-2016,23.0,3,2332826.0,777609.0,1,2013-14,81,250,1990-12-07,2,49,2014,False
Eric Moreland,2014-2016,22.0,3,2332826.0,777609.0,1,2013-14,82,238,1991-12-24,0,0,0,True
Jack Cooley,2014-2016,23.0,3,2332826.0,777609.0,1,2013-14,81,260,1991-04-12,0,0,0,True
Jack Cooley,2014-2016,23.0,3,1888161.0,629387.0,1,2013-14,81,260,1991-04-12,0,0,0,True
JaKarr Sampson,2014-2016,21.0,3,2332826.0,777609.0,1,2013-14,79,214,1993-03-20,0,0,0,True
Cleanthony Early,2014-2015,23.0,2,1352395.0,676198.0,1,2013-14,80,210,1991-04-17,2,34,2014,False
Markel Brown,2014-2015,22.0,2,1352395.0,676198.0,1,2013-14,75,190,1992-01-29,2,44,2014,False
Dwight Powell,2014-2015,23.0,2,1352395.0,676198.0,1,2013-14,82,240,1991-07-20,2,45,2014,False
Jordan Clarkson,2014-2015,22.0,2,1352395.0,676198.0,1,2013-14,76,194,1992-06-07,2,46,2014,False
Cory Jefferson,2014-2015,23.0,2,1352395.0,676198.0,1,2013-14,81,218,1990-12-26,2,60,2014,False
Bryce Cotton,2014-2015,21.0,2,1352395.0,676198.0,1,2013-14,73,165,1992-08-11,0,0,0,True
Alex Kirk,2014-2015,22.0,2,1352395.0,676198.0,1,2013-14,84,245,1991-11-14,0,0,0,True
Jerrelle Benimon,2014-2015,23.0,2,1352395.0,676198.0,1,2013-14,80,245,1991-08-01,0,0,0,True
Tarik Black,2014-2015,22.0,2,1352395.0,676198.0,1,2013-14,81,250,1991-11-22,0,0,0,True
Tyler Johnson,2014-2014,22.0,2,1352385.0,676193.0,1,2013-14,75,186,1992-05-07,0,0,0,True
Khem Birch,2014-2015,21.0,2,1352385.0,676193.0,1,2013-14,81,233,1992-09-28,0,0,0,True
K.J. McDaniels,2014-2014,21.0,1,507336.0,507336.0,1,2013-14,78,205,1993-02-09,2,32,2014,False
Glenn Robinson III,2014-2014,20.0,1,507336.0,507336.0,1,2013-14,78,222,1994-01-08,2,40,2014,False
Shayne Whittington,2014-2014,23.0,1,507336.0,507336.0,1,2013-14,83,250,1991-03-27,0,0,0,True
Sim Bhullar,2014-2014,21.0,1,507336.0,507336.0,1,2013-14,89,360,1992-12-02,0,0,0,True
Elijah Millsap,2014-2014,27.0,1,507336.0,507336.0,1,2013-14,78,225,1987-08-12,0,0,0,True
Langston Galloway,2014-2014,22.0,1,507336.0,507336.0,1,2013-14,73,200,1991-12-09,0,0,0,True
Travis Wear,2014-2014,23.0,1,507336.0,507336.0,1,2013-14,82,230,1990-09-21,0,0,0,True
Joe Ingles,2014-2014,26.0,1,507336.0,507336.0,1,2013-14,80,220,1987-10-02,0,0,0,True
Sean Kilpatrick,2014-2014,24.0,1,507336.0,507336.0,1,2013-14,76,210,1990-01-06,0,0,0,True
Karl-Anthony Towns,2015-2018,19.0,4,25720035.0,6430009.0,1,2014-15,83,248,1995-11-15,1,1,2015,False
D'Angelo Russell,2015-2018,18.0,4,23017978.0,5754495.0,1,2014-15,76,193,1996-02-23,1,2,2015,False
Willie Cauley-Stein,2015-2018,21.0,4,15350475.0,3837619.0,1,2014-15,84,240,1993-08-18,1,6,2015,False
Jahlil Okafor,2015-2017,19.0,3,14366640.0,4788880.0,1,2014-15,82,270,1995-12-15,1,3,2015,False
Emmanuel Mudiay,2015-2018,18.0,4,14020000.0,3505000.0,1,2014-15,75,200,1996-03-05,1,7,2015,False
Stanley Johnson,2015-2018,18.0,4,12850042.0,3212511.0,1,2014-15,78,242,1996-05-29,1,8,2015,False
Frank Kaminsky,2015-2018,21.0,4,11817962.0,2954491.0,1,2014-15,84,240,1993-04-04,1,9,2015,False
Mario Hezonja,2015-2017,19.0,3,11729640.0,3909880.0,1,2014-15,80,220,1995-02-25,1,5,2015,False
Nemanja Bjelica,2015-2017,26.0,3,11700000.0,3900000.0,1,2014-15,82,234,1988-05-09,2,35,2010,False
Justise Winslow,2015-2018,18.0,4,11229126.0,2807282.0,1,2014-15,78,222,1996-03-26,1,10,2015,False
Myles Turner,2015-2018,18.0,4,10801804.0,2700451.0,1,2014-15,83,250,1996-03-24,1,11,2015,False
Trey Lyles,2015-2018,19.0,4,10386049.0,2596512.0,1,2014-15,81,234,1995-11-05,1,12,2015,False
Devin Booker,2015-2018,18.0,4,9985165.0,2496291.0,1,2014-15,77,206,1996-10-30,1,13,2015,False
Cameron Payne,2015-2018,20.0,4,9600735.0,2400184.0,1,2014-15,73,183,1994-08-08,1,14,2015,False
Kelly Oubre Jr.,2015-2018,19.0,4,9228550.0,2307138.0,1,2014-15,79,203,1995-12-09,1,15,2015,False
Terry Rozier,2015-2018,20.0,4,8769710.0,2192428.0,1,2014-15,73,190,1994-03-17,1,16,2015,False
Rashad Vaughn,2015-2017,18.0,4,8334685.0,2083671.0,1,2014-15,78,202,1996-08-16,1,17,2015,False
Sam Dekker,2015-2018,20.0,4,7921655.0,1980414.0,1,2014-15,81,230,1994-05-06,1,18,2015,False
Jerian Grant,2015-2018,22.0,4,7568554.0,1892139.0,1,2014-15,76,205,1992-10-09,1,19,2015,False
Delon Wright,2015-2018,22.0,4,7268738.0,1817185.0,1,2014-15,77,185,1992-04-26,1,20,2015,False
Justin Anderson,2015-2018,21.0,4,7058648.0,1764662.0,1,2014-15,78,230,1993-11-19,1,21,2015,False
Bobby Portis,2015-2018,19.0,4,6855506.0,1713877.0,1,2014-15,82,250,1995-02-10,1,22,2015,False
Rondae Hollis-Jefferson,2015-2018,19.0,4,6672819.0,1668205.0,1,2014-15,78,217,1995-01-03,1,23,2015,False
Tyus Jones,2015-2018,18.0,4,6537195.0,1634299.0,1,2014-15,72,196,1996-05-10,1,24,2015,False
Jarell Martin,2015-2018,20.0,4,6404604.0,1601151.0,1,2014-15,82,239,1994-05-24,1,25,2015,False
Larry Nance Jr.,2015-2018,21.0,4,6107053.0,1526763.0,1,2014-15,79,245,1993-01-01,1,27,2015,False
Richaun Holmes,2015-2018,21.0,4,5171902.0,1292976.0,1,2014-15,82,235,1993-10-15,2,37,2015,False
Chris McCullough,2015-2017,19.0,3,3803102.0,1267701.0,1,2014-15,83,200,1995-02-05,1,29,2015,False
Jordan Mickey,2015-2017,21.0,3,3670959.0,1223653.0,1,2014-15,80,235,1994-07-09,2,33,2015,False
Josh Huestis,2015-2017,23.0,3,3574560.0,1191520.0,1,2014-15,79,230,1991-12-19,1,29,2014,False
Kevon Looney,2015-2017,18.0,3,3548640.0,1182880.0,1,2014-15,81,222,1996-02-06,1,30,2015,False
Rakeem Christmas,2015-2017,23.0,3,3157026.0,1052342.0,1,2014-15,81,250,1991-12-01,2,36,2015,False
Raul Neto,2015-2017,23.0,3,2732546.0,910849.0,1,2014-15,73,180,1992-05-19,2,47,2013,False
Sasha Kaun,2015-2016,30.0,2,2609420.0,1304710.0,1,2014-15,83,260,1985-05-08,2,56,2008,False
Anthony Brown,2015-2017,22.0,3,2589382.0,863127.0,1,2014-15,79,210,1992-10-10,2,34,2015,False
Norman Powell,2015-2017,22.0,3,2539382.0,846461.0,1,2014-15,75,215,1993-05-25,2,46,2015,False
Pat Connaughton,2015-2017,22.0,3,2514475.0,838158.0,1,2014-15,77,209,1993-01-06,2,41,2015,False
Josh Richardson,2015-2017,21.0,3,2414475.0,804825.0,1,2014-15,77,200,1993-09-15,2,40,2015,False
Luis Montero,2015-2017,22.0,3,2414475.0,804825.0,1,2014-15,79,185,1993-04-06,0,0,0,True
Christian Wood,2015-2017,19.0,3,2414475.0,804825.0,1,2014-15,82,214,1995-09-27,0,0,0,True
R.J. Hunter,2015-2016,21.0,2,2348880.0,1174440.0,1,2014-15,77,185,1993-10-24,1,28,2015,False
Thanasis Antetokounmpo,2015-2016,23.0,2,1399729.0,699865.0,1,2014-15,78,219,1992-07-18,2,51,2014,False
Aaron Harrison,2015-2016,20.0,2,1399729.0,699865.0,1,2014-15,78,210,1994-10-28,0,0,0,True
Cliff Alexander,2015-2016,19.0,2,1399729.0,699865.0,1,2014-15,80,245,1995-11-16,0,0,0,True
Michael Frazier,2015-2016,21.0,2,1399729.0,699865.0,1,2014-15,75,200,1994-03-08,0,0,0,True
Treveon Graham,2015-2015,21.0,1,525093.0,525093.0,1,2014-15,77,219,1993-10-28,0,0,0,True
Marcelo Huertas,2015-2015,32.0,1,525093.0,525093.0,1,2014-15,75,200,1983-05-25,0,0,0,True
Briante Weber,2015-2015,22.0,1,525093.0,525093.0,1,2014-15,74,165,1992-12-29,0,0,0,True
Julian Washburn,2015-2015,23.0,1,525093.0,525093.0,1,2014-15,80,210,1991-12-18,0,0,0,True
Ben Simmons,2016-2019,19.0,4,26620450.0,6655113.0,1,2015-16,83,240,1996-07-20,1,1,2016,False
Brandon Ingram,2016-2019,18.0,4,23823685.0,5955921.0,1,2015-16,80,190,1997-09-02,1,2,2016,False
Jaylen Brown,2016-2019,19.0,4,21404269.0,5351067.0,1,2015-16,78,223,1996-10-24,1,3,2016,False
Dragan Bender,2016-2019,18.0,4,19302919.0,4825730.0,1,2015-16,84,225,1997-11-17,1,4,2016,False
Kris Dunn,2016-2019,22.0,4,17488287.0,4372072.0,1,2015-16,75,205,1994-03-18,1,5,2016,False
Buddy Hield,2016-2019,23.0,4,15887648.0,3971912.0,1,2015-16,76,220,1992-12-17,1,6,2016,False
Jamal Murray,2016-2019,19.0,4,14510706.0,3627677.0,1,2015-16,75,215,1997-02-23,1,7,2016,False
Marquese Chriss,2016-2019,19.0,4,13299636.0,3324909.0,1,2015-16,81,240,1997-07-02,1,8,2016,False
Jakob Poeltl,2016-2019,20.0,4,12231806.0,3057952.0,1,2015-16,85,245,1995-10-15,1,9,2016,False
Thon Maker,2016-2019,19.0,4,11622123.0,2905531.0,1,2015-16,84,221,1997-02-25,1,10,2016,False
Domantas Sabonis,2016-2019,20.0,4,11179555.0,2794889.0,1,2015-16,83,240,1996-05-03,1,11,2016,False
Taurean Prince,2016-2019,22.0,4,10749666.0,2687417.0,1,2015-16,79,218,1994-03-22,1,12,2016,False
Georgios Papagiannis,2016-2019,19.0,4,10334366.0,2583592.0,1,2015-16,85,240,1997-07-03,1,13,2016,False
Denzel Valentine,2016-2019,22.0,4,9936769.0,2484192.0,1,2015-16,76,220,1993-11-16,1,14,2016,False
Wade Baldwin,2016-2019,20.0,4,8626446.0,2156612.0,1,2015-16,76,200,1996-03-29,1,17,2016,False
Henry Ellenson,2016-2019,19.0,4,8199204.0,2049801.0,1,2015-16,82,240,1997-01-13,1,18,2016,False
Malik Beasley,2016-2019,19.0,4,7833514.0,1958379.0,1,2015-16,76,187,1996-11-26,1,19,2016,False
Caris LeVert,2016-2019,21.0,4,7523278.0,1880820.0,1,2015-16,78,205,1994-08-25,1,20,2016,False
DeAndre' Bembry,2016-2019,22.0,4,7305582.0,1826396.0,1,2015-16,77,210,1994-07-04,1,21,2016,False
Malachi Richardson,2016-2019,20.0,4,7095397.0,1773849.0,1,2015-16,78,205,1996-01-05,1,22,2016,False
Brice Johnson,2016-2019,22.0,4,6620352.0,1655088.0,1,2015-16,82,230,1994-06-27,1,25,2016,False
Pascal Siakam,2016-2019,22.0,4,6405441.0,1601360.0,1,2015-16,81,230,1994-04-02,1,27,2016,False
Dejounte Murray,2016-2019,19.0,4,6359377.0,1589844.0,1,2015-16,76,180,1996-09-19,1,29,2016,False
Damian Jones,2016-2019,21.0,4,6334179.0,1583545.0,1,2015-16,83,245,1995-06-30,1,30,2016,False
Mindaugas Kuzminskas,2016-2017,26.0,2,5923035.0,2961518.0,1,2015-16,81,215,1989-10-19,0,0,0,True
Demetrius Jackson,2016-2019,21.0,4,5473750.0,1368438.0,1,2015-16,73,201,1994-09-07,2,45,2016,False
Isaiah Whitehead,2016-2019,21.0,4,4585897.0,1146474.0,1,2015-16,76,213,1995-03-08,2,42,2016,False
Tyler Ulis,2016-2019,20.0,4,4000000.0,1000000.0,1,2015-16,70,160,1996-01-05,2,34,2016,False
Deyonta Davis,2016-2018,19.0,3,3922842.0,1307614.0,1,2015-16,83,237,1996-12-02,2,31,2016,False
Ivica Zubac,2016-2018,18.0,3,3892518.0,1297506.0,1,2015-16,84,240,1997-03-18,2,32,2016,False
Paul Zipser,2016-2019,22.0,4,3831631.0,957908.0,1,2015-16,80,215,1994-02-18,2,48,2016,False
Malcolm Brogdon,2016-2018,23.0,3,3782562.0,1260854.0,1,2015-16,77,229,1992-12-11,2,36,2016,False
Jake Layman,2016-2018,22.0,3,3457562.0,1152521.0,1,2015-16,80,209,1994-03-07,2,47,2016,False
Cheick Diallo,2016-2018,19.0,3,3401033.0,1133678.0,1,2015-16,80,219,1996-09-13,2,33,2016,False
Derrick Jones Jr.,2016-2018,19.0,3,3401033.0,1133678.0,1,2015-16,77,210,1997-02-15,0,0,0,True
Andrew Harrison,2016-2018,21.0,3,2982807.0,994269.0,1,2015-16,78,213,1994-10-28,2,44,2015,False
Stephen Zimmerman,2016-2018,19.0,3,2978250.0,992750.0,1,2015-16,84,240,1996-09-09,2,41,2016,False
A.J. Hammons,2016-2018,23.0,3,2605511.0,868504.0,1,2015-16,84,260,1992-08-27,2,46,2016,False
Joel Bolomboy,2016-2018,22.0,3,2555511.0,851837.0,1,2015-16,81,235,1994-01-28,2,52,2016,False
Chinanu Onuaku,2016-2018,19.0,3,2498982.0,832994.0,1,2015-16,82,245,1996-11-01,2,37,2016,False
Michael Gbinije,2016-2018,24.0,3,2498982.0,832994.0,1,2015-16,79,200,1992-06-05,2,49,2016,False
Georges Niang,2016-2018,23.0,3,2498982.0,832994.0,1,2015-16,79,230,1993-06-17,2,50,2016,False
Ben Bentil,2016-2018,21.0,3,2498982.0,832994.0,1,2015-16,81,235,1995-03-29,2,51,2016,False
Kay Felder,2016-2018,21.0,3,2498982.0,832994.0,1,2015-16,69,176,1995-03-29,2,54,2016,False
Marshall Plumlee,2016-2018,23.0,3,2498982.0,832994.0,1,2015-16,84,250,1992-07-14,0,0,0,True
Daniel Ochefu,2016-2018,22.0,3,2498982.0,832994.0,1,2015-16,83,245,1993-12-15,0,0,0,True
Okaro White,2016-2017,24.0,2,1523606.0,761803.0,1,2015-16,80,205,1992-08-13,0,0,0,True
Okaro White,2016-2017,23.0,2,1448720.0,724360.0,1,2015-16,80,205,1992-08-13,0,0,0,True
Patricio Garino,2016-2017,23.0,2,1462611.0,731306.0,1,2015-16,78,210,1993-05-17,0,0,0,True
Patricio Garino,2016-2017,23.0,2,1448720.0,724360.0,1,2015-16,78,210,1993-05-17,0,0,0,True
Patrick McCaw,2016-2017,20.0,2,1448720.0,724360.0,1,2015-16,79,181,1995-10-25,2,38,2016,False
Diamond Stone,2016-2017,19.0,2,1448720.0,724360.0,1,2015-16,83,255,1997-02-10,2,40,2016,False
Marcus Paige,2016-2017,22.0,2,1448720.0,724360.0,1,2015-16,73,175,1993-09-11,2,55,2016,False
James Webb III,2016-2017,22.0,2,1448720.0,724360.0,1,2015-16,81,202,1993-08-19,0,0,0,True
Gary Payton II,2016-2017,23.0,2,1448720.0,724360.0,1,2015-16,75,190,1992-12-01,0,0,0,True
Gary Payton II,2016-2017,24.0,2,1347777.0,673889.0,1,2015-16,75,190,1992-12-01,0,0,0,True
Isaiah Taylor,2016-2017,22.0,2,1448720.0,724360.0,1,2015-16,75,170,1994-07-11,0,0,0,True
Kyle Wiltjer,2016-2017,23.0,2,1448720.0,724360.0,1,2015-16,82,240,1992-10-20,0,0,0,True
Ryan Arcidiacono,2016-2017,22.0,2,1448720.0,724360.0,1,2015-16,75,195,1994-03-26,0,0,0,True
Matt Costello,2016-2017,22.0,2,1448720.0,724360.0,1,2015-16,81,245,1993-08-05,0,0,0,True
Shawn Long,2016-2017,23.0,2,1448720.0,724360.0,1,2015-16,81,255,1993-01-29,0,0,0,True
Brandon Paul,2016-2017,25.0,2,1448720.0,724360.0,1,2015-16,76,200,1991-04-30,0,0,0,True
Kyle Collinsworth,2016-2017,24.0,2,1448720.0,724360.0,1,2015-16,78,210,1991-10-03,0,0,0,True
Jarrod Uthoff,2016-2017,23.0,2,1448720.0,724360.0,1,2015-16,81,221,1993-05-19,0,0,0,True
Jarrod Uthoff,2016-2017,22.0,2,1360564.0,680282.0,1,2015-16,81,221,1993-05-19,0,0,0,True
Tim Quarterman,2016-2017,21.0,2,1448720.0,724360.0,1,2015-16,78,195,1994-10-27,0,0,0,True
Troy Williams,2016-2017,21.0,2,1448720.0,724360.0,1,2015-16,79,218,1994-12-30,0,0,0,True
Damion Lee,2016-2017,23.0,2,1448720.0,724360.0,1,2015-16,77,210,1992-10-21,0,0,0,True
Ron Baker,2016-2016,23.0,1,543471.0,543471.0,1,2015-16,76,220,1993-03-30,0,0,0,True
Yogi Ferrell,2016-2016,23.0,1,543471.0,543471.0,1,2015-16,72,178,1993-05-09,0,0,0,True
Jameel Warney,2016-2016,22.0,1,543471.0,543471.0,1,2015-16,80,260,1994-01-31,0,0,0,True
Chasson Randle,2016-2016,23.0,1,543471.0,543471.0,1,2015-16,74,185,1993-02-05,0,0,0,True
Alex Poythress,2016-2016,22.0,1,543471.0,543471.0,1,2015-16,81,235,1993-09-06,0,0,0,True
Alex Poythress,2016-2016,23.0,1,6394.0,6394.0,1,2015-16,81,235,1993-09-06,0,0,0,True
Jalen Jones,2016-2016,23.0,1,543471.0,543471.0,1,2015-16,79,220,1993-05-27,0,0,0,True
Markelle Fultz,2017-2020,19.0,4,37400017.0,9350004.0,1,2016-17,75,209,1998-05-29,1,1,2017,False
Lonzo Ball,2017-2020,19.0,4,33471622.0,8367906.0,1,2016-17,78,190,1997-10-27,1,2,2017,False
Jayson Tatum,2017-2020,19.0,4,30073320.0,7518330.0,1,2016-17,80,210,1998-03-03,1,3,2017,False
Josh Jackson,2017-2019,20.0,4,27121282.0,6780321.0,1,2016-17,80,207,1997-02-10,1,4,2017,False
De'Aaron Fox,2017-2020,19.0,4,24572507.0,6143127.0,1,2016-17,75,185,1997-12-20,1,5,2017,False
Jonathan Isaac,2017-2020,19.0,4,22324406.0,5581102.0,1,2016-17,83,230,1997-10-03,1,6,2017,False
Lauri Markkanen,2017-2020,20.0,4,20389668.0,5097417.0,1,2016-17,84,240,1997-05-22,1,7,2017,False
Frank Ntilikina,2017-2020,18.0,4,18689218.0,4672305.0,1,2016-17,76,200,1998-07-28,1,8,2017,False
Dennis Smith Jr.,2017-2020,19.0,4,17188557.0,4297139.0,1,2016-17,74,205,1997-11-25,1,9,2017,False
Zach Collins,2017-2020,19.0,4,16332615.0,4083154.0,1,2016-17,83,250,1997-11-19,1,10,2017,False
Malik Monk,2017-2020,19.0,4,15726047.0,3931512.0,1,2016-17,75,200,1998-02-04,1,11,2017,False
Luke Kennard,2017-2020,21.0,4,15135546.0,3783887.0,1,2016-17,77,206,1996-06-24,1,12,2017,False
Donovan Mitchell,2017-2020,20.0,4,14564021.0,3641005.0,1,2016-17,73,215,1996-09-07,1,13,2017,False
Bam Adebayo,2017-2020,19.0,4,14015772.0,3503943.0,1,2016-17,81,255,1997-07-18,1,14,2017,False
Justin Jackson,2017-2020,22.0,4,13484010.0,3371003.0,1,2016-17,80,220,1995-03-28,1,15,2017,False
Justin Patton,2017-2020,20.0,4,12814166.0,3203542.0,1,2016-17,83,241,1997-06-14,1,16,2017,False
Guerschon Yabusele,2017-2019,21.0,4,12814166.0,3203542.0,1,2016-17,80,260,1995-12-17,1,16,2016,False
John Collins,2017-2020,19.0,4,11059862.0,2764966.0,1,2016-17,81,235,1997-09-23,1,19,2017,False
Harry Giles,2017-2020,19.0,4,10621750.0,2655438.0,1,2016-17,83,240,1998-04-22,1,20,2017,False
Terrance Ferguson,2017-2020,19.0,4,10323693.0,2580923.0,1,2016-17,78,190,1998-05-17,1,21,2017,False
Jarrett Allen,2017-2020,19.0,4,10034582.0,2508646.0,1,2016-17,83,243,1998-04-21,1,22,2017,False
OG Anunoby,2017-2020,19.0,4,9751975.0,2437994.0,1,2016-17,79,232,1997-07-17,1,23,2017,False
Tyler Lydon,2017-2020,21.0,4,9476369.0,2369092.0,1,2016-17,82,225,1996-04-09,1,24,2017,False
Furkan Korkmaz,2017-2020,19.0,4,8904867.0,2226217.0,1,2016-17,79,202,1997-07-24,1,26,2016,False
Caleb Swanigan,2017-2020,20.0,4,8904867.0,2226217.0,1,2016-17,81,260,1997-04-18,1,26,2017,False
Kyle Kuzma,2017-2020,21.0,4,8650178.0,2162545.0,1,2016-17,81,221,1995-07-24,1,27,2017,False
Tony Bradley,2017-2020,19.0,4,8598860.0,2149715.0,1,2016-17,82,248,1998-01-08,1,28,2017,False
Derrick White,2017-2020,23.0,4,8536124.0,2134031.0,1,2016-17,76,190,1994-07-02,1,29,2017,False
Josh Hart,2017-2020,22.0,4,8474999.0,2118750.0,1,2016-17,77,215,1995-03-06,1,30,2017,False
Zhou Qi,2017-2020,21.0,4,5565327.0,1391332.0,1,2016-17,85,210,1996-01-16,2,43,2016,False
Davon Reed,2017-2020,22.0,4,5565327.0,1391332.0,1,2016-17,77,208,1995-06-11,2,32,2017,False
Semi Ojeleye,2017-2019,22.0,3,4288654.0,1429551.0,1,2016-17,78,240,1994-12-05,2,37,2017,False
Frank Mason III,2017-2019,22.0,3,4183191.0,1394397.0,1,2016-17,71,190,1994-04-03,2,34,2017,False
Damyean Dotson,2017-2019,23.0,3,4096762.0,1365587.0,1,2016-17,77,210,1994-05-06,2,44,2017,False
Ivan Rabb,2017-2019,20.0,3,3946762.0,1315587.0,1,2016-17,82,220,1997-02-04,2,35,2017,False
Ike Anigbogu,2017-2019,18.0,3,3946762.0,1315587.0,1,2016-17,82,250,1998-10-17,2,47,2017,False
Frank Jackson,2017-2019,19.0,3,3812377.0,1270792.0,1,2016-17,75,205,1998-05-04,2,31,2017,False
Dwayne Bacon,2017-2019,21.0,3,3812377.0,1270792.0,1,2016-17,78,221,1995-08-30,2,40,2017,False
Dillon Brooks,2017-2019,21.0,3,3812377.0,1270792.0,1,2016-17,79,225,1996-01-22,2,45,2017,False
Sterling Brown,2017-2019,22.0,3,3812377.0,1270792.0,1,2016-17,77,219,1995-02-10,2,46,2017,False
Sindarius Thornwell,2017-2019,22.0,3,3812377.0,1270792.0,1,2016-17,76,215,1994-11-15,2,48,2017,False
Dakari Johnson,2017-2018,21.0,2,2193857.0,1096929.0,1,2016-17,84,255,1995-09-22,2,48,2015,False
Jordan Bell,2017-2018,22.0,2,2193857.0,1096929.0,1,2016-17,80,216,1995-01-07,2,38,2017,False
Jawun Evans,2017-2018,20.0,2,2193857.0,1096929.0,1,2016-17,72,185,1996-07-26,2,39,2017,False
Tyler Dorsey,2017-2018,21.0,2,2193857.0,1096929.0,1,2016-17,77,183,1996-02-18,2,41,2017,False
Thomas Bryant,2017-2018,19.0,2,2193857.0,1096929.0,1,2016-17,82,248,1997-07-31,2,42,2017,False
Cameron Oliver,2017-2018,20.0,2,2193857.0,1096929.0,1,2016-17,80,239,1996-07-11,0,0,0,True
Daniel Theis,2017-2018,25.0,2,2193857.0,1096929.0,1,2016-17,80,245,1992-04-04,0,0,0,True
Alfonzo McKinnie,2017-2018,24.0,2,2193857.0,1096929.0,1,2016-17,79,215,1992-09-17,0,0,0,True
Maxi Kleber,2017-2018,25.0,2,2193857.0,1096929.0,1,2016-17,82,240,1992-01-29,0,0,0,True
Gian Clavell,2017-2017,23.0,1,815615.0,815615.0,1,2016-17,76,185,1993-11-26,0,0,0,True
Andre Ingram,2017-2017,32.0,1,13824.0,13824.0,1,2016-17,75,190,1985-11-19,0,0,0,True
Deandre Ayton,2018-2021,19.0,4,40379230.0,10094808.0,1,2017-18,83,250,1998-07-23,1,1,2018,False
Marvin Bagley III,2018-2021,19.0,4,36137474.0,9034369.0,1,2017-18,83,235,1999-03-14,1,2,2018,False
Jaren Jackson Jr.,2018-2021,18.0,4,29280440.0,7320110.0,1,2017-18,83,242,1999-09-15,1,4,2018,False
Trae Young,2018-2021,19.0,4,26527711.0,6631928.0,1,2017-18,73,164,1998-09-19,1,5,2018,False
Wendell Carter Jr.,2018-2021,19.0,4,22011467.0,5502867.0,1,2017-18,82,270,1999-04-16,1,7,2018,False
Collin Sexton,2018-2021,19.0,4,20175111.0,5043778.0,1,2017-18,73,190,1999-01-04,1,8,2018,False
Kevin Knox,2018-2021,18.0,4,18554698.0,4638675.0,1,2017-18,79,215,1999-08-11,1,9,2018,False
Mikal Bridges,2018-2021,21.0,4,17630685.0,4407671.0,1,2017-18,78,209,1996-08-30,1,10,2018,False
Shai Gilgeous-Alexander,2018-2021,19.0,4,16965132.0,4241283.0,1,2017-18,78,180,1998-07-12,1,11,2018,False
Miles Bridges,2018-2021,20.0,4,16317853.0,4079463.0,1,2017-18,78,225,1998-03-21,1,12,2018,False
Jerome Robinson,2018-2020,21.0,4,15692356.0,3923089.0,1,2017-18,76,190,1997-02-22,1,13,2018,False
Michael Porter Jr.,2018-2021,20.0,4,15093095.0,3773274.0,1,2017-18,82,218,1998-06-29,1,14,2018,False
Troy Brown Jr.,2018-2021,18.0,4,14511964.0,3627991.0,1,2017-18,78,215,1999-07-28,1,15,2018,False
Zhaire Smith,2018-2020,19.0,4,13791056.0,3447764.0,1,2017-18,75,205,1999-06-04,1,16,2018,False
Donte DiVincenzo,2018-2021,21.0,4,13106790.0,3276698.0,1,2017-18,76,203,1997-01-31,1,17,2018,False
Lonnie Walker IV,2018-2021,19.0,4,12457536.0,3114384.0,1,2017-18,76,204,1998-12-14,1,18,2018,False
Kevin Huerter,2018-2021,19.0,4,11902517.0,2975629.0,1,2017-18,79,190,1998-08-27,1,19,2018,False
Josh Okogie,2018-2021,19.0,4,11430344.0,2857586.0,1,2017-18,76,213,1998-09-01,1,20,2018,False
Aaron Holiday,2018-2021,21.0,4,10477351.0,2619338.0,1,2017-18,72,185,1996-09-30,1,23,2018,False
Anfernee Simons,2018-2021,19.0,4,10175938.0,2543985.0,1,2017-18,75,181,1999-06-08,1,24,2018,False
Moritz Wagner,2018-2020,21.0,4,9881138.0,2470285.0,1,2017-18,83,245,1997-04-26,1,25,2018,False
Landry Shamet,2018-2021,21.0,4,9557142.0,2389286.0,1,2017-18,76,190,1997-03-13,1,26,2018,False
Jacob Evans,2018-2020,21.0,4,9228703.0,2307176.0,1,2017-18,76,210,1997-06-18,1,28,2018,False
Omari Spellman,2018-2020,20.0,4,9095405.0,2273851.0,1,2017-18,80,245,1997-07-21,1,30,2018,False
Grayson Allen,2018-2021,22.0,4,7049040.0,1762260.0,1,2017-18,76,198,1995-10-08,1,21,2018,False
Jonah Bolden,2018-2021,22.0,4,7000000.0,1750000.0,1,2017-18,80,220,1996-01-02,2,36,2017,False
Chandler Hutchison,2018-2021,22.0,4,6767280.0,1691820.0,1,2017-18,78,210,1996-04-26,1,22,2018,False
Jalen Brunson,2018-2021,21.0,4,6112770.0,1528193.0,1,2017-18,73,190,1996-08-31,2,33,2018,False
Ray Spalding,2018-2021,21.0,4,5721234.0,1430309.0,1,2017-18,82,215,1997-03-11,2,56,2018,False
Rodions Kurucs,2018-2020,20.0,3,5097708.0,1699236.0,1,2017-18,81,228,1998-02-05,2,40,2018,False
Mitchell Robinson,2018-2020,19.0,3,4709013.0,1569671.0,1,2017-18,84,240,1998-04-01,2,36,2018,False
Elie Okobo,2018-2020,20.0,3,4319177.0,1439726.0,1,2017-18,75,190,1997-10-23,2,31,2018,False
Isaac Bonga,2018-2020,18.0,3,4080713.0,1360238.0,1,2017-18,80,180,1999-11-08,2,39,2018,False
Devonte' Graham,2018-2020,23.0,3,4069177.0,1356392.0,1,2017-18,73,195,1995-02-22,2,34,2018,False
Hamidou Diallo,2018-2020,19.0,3,3919177.0,1306392.0,1,2017-18,77,202,1998-07-31,2,45,2018,False
Keita Bates-Diop,2018-2020,22.0,3,3919177.0,1306392.0,1,2017-18,80,229,1996-01-23,2,48,2018,False
Isaiah Hartenstein,2018-2020,19.0,3,3919177.0,1306392.0,1,2017-18,84,250,1998-05-05,2,43,2017,False
Gary Trent Jr.,2018-2020,18.0,3,3919177.0,1306392.0,1,2017-18,77,209,1999-01-18,2,37,2018,False
Khyri Thomas,2018-2020,21.0,3,3919177.0,1306392.0,1,2017-18,75,210,1996-05-08,2,38,2018,False
Jarred Vanderbilt,2018-2020,18.0,3,3919177.0,1306392.0,1,2017-18,81,214,1999-04-03,2,41,2018,False
Melvin Frazier,2018-2020,21.0,2,2466852.0,1233426.0,1,2017-18,77,215,1996-08-30,2,35,2018,False
De'Anthony Melton,2018-2019,19.0,2,2365852.0,1182926.0,1,2017-18,74,200,1998-05-28,2,46,2018,False
Jevon Carter,2018-2019,22.0,2,2255316.0,1127658.0,1,2017-18,73,200,1995-09-14,2,32,2018,False
Alize Johnson,2018-2019,22.0,2,2255316.0,1127658.0,1,2017-18,79,212,1996-04-22,2,50,2018,False
Ryan Broekhoff,2018-2019,27.0,2,2255316.0,1127658.0,1,2017-18,78,215,1990-08-23,0,0,0,True
Vince Edwards,2018-2018,22.0,1,838464.0,838464.0,1,2017-18,80,225,1996-04-05,2,52,2018,False
Brad Wanamaker,2018-2018,28.0,1,838464.0,838464.0,1,2017-18,75,210,1989-07-25,0,0,0,True
Gary Clark,2018-2018,23.0,1,838464.0,838464.0,1,2017-18,78,225,1994-11-16,0,0,0,True
Zion Williamson,2019-2022,18.0,4,44271137.0,11067784.0,1,2018-19,78,284,2000-07-06,1,1,2019,False
Ja Morant,2019-2022,19.0,4,39619840.0,9904960.0,1,2018-19,75,174,1999-08-10,1,2,2019,False
De'Andre Hunter,2019-2022,21.0,4,32101641.0,8025410.0,1,2018-19,80,225,1997-12-02,1,4,2019,False
Darius Garland,2019-2022,19.0,4,29083315.0,7270829.0,1,2018-19,73,192,2000-01-26,1,5,2019,False
Jarrett Culver,2019-2022,20.0,4,26422143.0,6605536.0,1,2018-19,78,195,1999-02-20,1,6,2019,False
Coby White,2019-2022,19.0,4,24131515.0,6032879.0,1,2018-19,77,195,2000-02-16,1,7,2019,False
Jaxson Hayes,2019-2022,19.0,4,22118492.0,5529623.0,1,2018-19,83,220,2000-05-23,1,8,2019,False
Rui Hachimura,2019-2022,21.0,4,20341348.0,5085337.0,1,2018-19,80,230,1998-02-08,1,9,2019,False
Cam Reddish,2019-2022,19.0,4,19328334.0,4832084.0,1,2018-19,80,218,1999-09-01,1,10,2019,False
Cameron Johnson,2019-2022,23.0,4,18593499.0,4648375.0,1,2018-19,80,210,1996-03-03,1,11,2019,False
Tyler Herro,2019-2022,19.0,4,17188836.0,4297209.0,1,2018-19,77,195,2000-01-20,1,13,2019,False
Romeo Langford,2019-2022,19.0,4,16528217.0,4132054.0,1,2018-19,76,216,1999-10-25,1,14,2019,False
Sekou Doumbouya,2019-2022,18.0,4,15887971.0,3971993.0,1,2018-19,80,230,2000-12-23,1,15,2019,False
Nickeil Alexander-Walker,2019-2022,20.0,4,14349113.0,3587278.0,1,2018-19,78,205,1998-09-02,1,17,2019,False
Goga Bitadze,2019-2022,19.0,4,13638019.0,3409505.0,1,2018-19,83,250,1999-07-20,1,18,2019,False
Matisse Thybulle,2019-2022,22.0,4,12513127.0,3128282.0,1,2018-19,77,201,1997-03-04,1,20,2019,False
Brandon Clarke,2019-2022,22.0,4,12152560.0,3038140.0,1,2018-19,80,215,1996-09-19,1,21,2019,False
Grant Williams,2019-2022,20.0,4,11802681.0,2950670.0,1,2018-19,78,236,1998-11-30,1,22,2019,False
Darius Bazley,2019-2022,19.0,4,11461629.0,2865407.0,1,2018-19,80,208,2000-06-12,1,23,2019,False
Ty Jerome,2019-2022,21.0,4,11129417.0,2782354.0,1,2018-19,77,195,1997-07-08,1,24,2019,False
Nassir Little,2019-2022,19.0,4,10803948.0,2700987.0,1,2018-19,77,220,2000-02-11,1,25,2019,False
Dylan Windler,2019-2022,22.0,4,10449718.0,2612430.0,1,2018-19,78,196,1996-09-22,1,26,2019,False
Mfiondu Kabengele,2019-2022,21.0,4,10151244.0,2537811.0,1,2018-19,81,250,1997-08-14,1,27,2019,False
Jordan Poole,2019-2022,20.0,4,10090879.0,2522720.0,1,2018-19,76,194,1999-06-19,1,28,2019,False
Keldon Johnson,2019-2022,19.0,4,10017385.0,2504346.0,1,2018-19,77,220,1999-10-11,1,29,2019,False
Kevin Porter Jr.,2019-2022,19.0,4,8009193.0,2002298.0,1,2018-19,76,203,2000-05-04,1,30,2019,False
Daniel Gafford,2019-2022,20.0,4,6129593.0,1532398.0,1,2018-19,82,234,1998-10-01,2,38,2019,False
Nigel Williams-Goss,2019-2021,24.0,3,4800602.0,1600201.0,1,2018-19,74,190,1994-09-16,2,55,2017,False
Isaiah Roby,2019-2021,21.0,3,4800602.0,1600201.0,1,2018-19,80,230,1998-02-03,2,45,2019,False
Bruno Fernando,2019-2021,20.0,3,4700602.0,1566867.0,1,2018-19,81,240,1998-08-15,2,34,2019,False
Jaylen Nowell,2019-2021,19.0,4,4700602.0,1175151.0,1,2018-19,76,201,1999-07-09,2,43,2019,False
Carsen Edwards,2019-2021,21.0,3,4528628.0,1509543.0,1,2018-19,71,200,1998-03-12,2,33,2019,False
Cody Martin,2019-2021,23.0,3,4473912.0,1491304.0,1,2018-19,77,205,1995-09-28,2,36,2019,False
Terance Mann,2019-2021,22.0,3,4300602.0,1433534.0,1,2018-19,77,215,1996-10-18,2,48,2019,False
Admiral Schofield,2019-2021,22.0,3,4300602.0,1433534.0,1,2018-19,77,241,1997-03-30,2,42,2019,False
KZ Okpala,2019-2021,20.0,3,4198912.0,1399637.0,1,2018-19,80,215,1999-04-28,2,32,2019,False
Justin James,2019-2021,21.0,3,4198912.0,1399637.0,1,2018-19,79,190,1997-01-24,2,40,2019,False
Dewan Hernandez,2019-2021,22.0,3,4198912.0,1399637.0,1,2018-19,82,235,1996-12-09,2,59,2019,False
Miye Oni,2019-2021,21.0,3,4198912.0,1399637.0,1,2018-19,77,206,1997-08-04,2,58,2019,False
Eric Paschall,2019-2021,22.0,3,4198912.0,1399637.0,1,2018-19,78,255,1996-11-04,2,41,2019,False
Ignas Brazdeikis,2019-2020,20.0,2,2416291.0,1208146.0,1,2018-19,78,221,1999-01-08,2,47,2019,False
Talen Horton-Tucker,2019-2020,18.0,2,2416291.0,1208146.0,1,2018-19,76,234,2000-11-25,2,46,2019,False
Anthony Edwards,2020-2023,19.0,4,44271137.0,11067784.0,1,2019-20,76,225,2001-08-05,1,1,2020,False
James Wiseman,2020-2023,19.0,4,39619840.0,9904960.0,1,2019-20,84,240,2001-03-31,1,2,2020,False
LaMelo Ball,2020-2023,19.0,4,35596275.0,8899069.0,1,2019-20,79,180,2001-08-22,1,3,2020,False
Patrick Williams,2020-2023,19.0,4,32101641.0,8025410.0,1,2019-20,79,215,2001-08-26,1,4,2020,False
Isaac Okoro,2020-2023,19.0,4,29083315.0,7270829.0,1,2019-20,77,225,2001-01-26,1,5,2020,False
Onyeka Okongwu,2020-2023,19.0,4,26422143.0,6605536.0,1,2019-20,80,235,2000-12-11,1,6,2020,False
Killian Hayes,2020-2021,19.0,4,24131515.0,6032879.0,1,2019-20,77,195,2001-07-27,1,7,2020,False
Obi Toppin,2020-2023,22.0,4,22118492.0,5529623.0,1,2019-20,81,220,1998-03-04,1,8,2020,False
Deni Avdija,2020-2021,19.0,4,20341348.0,5085337.0,1,2019-20,81,210,2001-01-03,1,9,2020,False
Jalen Smith,2020-2023,20.0,4,19328334.0,4832084.0,1,2019-20,82,215,2000-03-16,1,10,2020,False
Devin Vassell,2020-2023,20.0,4,18593499.0,4648375.0,1,2019-20,77,200,2000-08-23,1,11,2020,False
Tyrese Haliburton,2020-2023,20.0,4,17878995.0,4469749.0,1,2019-20,77,185,2000-02-29,1,12,2020,False
Kira Lewis Jr.,2020-2023,19.0,4,17188836.0,4297209.0,1,2019-20,73,170,2001-04-06,1,13,2020,False
Aaron Nesmith,2020-2023,21.0,4,16528217.0,4132054.0,1,2019-20,77,215,1999-10-16,1,14,2020,False
Cole Anthony,2020-2023,20.0,4,15887971.0,3971993.0,1,2019-20,74,185,2000-05-15,1,15,2020,False
Chuma Okeke,2020-2023,22.0,4,15098193.0,3774548.0,1,2019-20,78,229,1998-08-18,1,16,2019,False
Isaiah Stewart,2020-2023,19.0,4,15098193.0,3774548.0,1,2019-20,80,250,2001-05-22,1,16,2020,False
Aleksej Pokusevski,2020-2023,18.0,4,14349113.0,3587278.0,1,2019-20,84,190,2001-12-26,1,17,2020,False
Josh Green,2020-2023,20.0,4,13638019.0,3409505.0,1,2019-20,77,200,2000-11-16,1,18,2020,False
Saddiq Bey,2020-2021,21.0,4,13030303.0,3257576.0,1,2019-20,79,215,1999-04-09,1,19,2020,False
Precious Achiuwa,2020-2023,21.0,4,12513127.0,3128282.0,1,2019-20,80,225,1999-09-19,1,20,2020,False
Tyrese Maxey,2020-2023,20.0,4,12152560.0,3038140.0,1,2019-20,74,200,2000-11-04,1,21,2020,False
Zeke Nnaji,2020-2021,19.0,4,11802681.0,2950670.0,1,2019-20,81,240,2001-01-09,1,22,2020,False
Immanuel Quickley,2020-2021,21.0,4,10803948.0,2700987.0,1,2019-20,75,190,1999-06-17,1,25,2020,False
Payton Pritchard,2020-2023,22.0,4,10449718.0,2612430.0,1,2019-20,73,195,1998-01-28,1,26,2020,False
Udoka Azubuike,2020-2023,21.0,4,10151244.0,2537811.0,1,2019-20,82,280,1999-09-17,1,27,2020,False
Jaden McDaniels,2020-2023,20.0,4,10090879.0,2522720.0,1,2019-20,81,185,2000-09-29,1,28,2020,False
Malachi Flynn,2020-2021,22.0,4,10017385.0,2504346.0,1,2019-20,73,175,1998-05-10,1,29,2020,False
Desmond Bane,2020-2023,22.0,4,9944923.0,2486231.0,1,2019-20,77,215,1998-06-25,1,30,2020,False
Vernon Carey Jr.,2020-2022,19.0,3,6581283.0,2193761.0,1,2019-20,81,270,2001-02-25,2,32,2020,False
Tyrell Terry,2020-2023,20.0,4,6521129.0,1630282.0,1,2019-20,74,160,2000-09-28,2,31,2020,False
Robert Woodard II,2020-2022,20.0,3,4800602.0,1600201.0,1,2019-20,78,235,1999-09-22,2,40,2020,False
Nick Richards,2020-2022,23.0,3,4300602.0,1433534.0,1,2019-20,84,245,1997-11-29,2,42,2020,False
Jahmi'us Ramsey,2020-2022,19.0,3,4300602.0,1433534.0,1,2019-20,75,190,2001-06-09,2,43,2020,False
Deividas Sirvydis,2020-2022,20.0,3,4198912.0,1399637.0,1,2019-20,80,190,2000-06-10,2,37,2019,False
Tre Jones,2020-2022,20.0,3,4198912.0,1399637.0,1,2019-20,73,185,2000-01-08,2,41,2020,False
Isaiah Joe,2020-2022,21.0,3,4198912.0,1399637.0,1,2019-20,76,165,1999-07-02,2,49,2020,False
Kenyon Martin Jr.,2020-2022,18.0,3,4198912.0,1399637.0,1,2019-20,78,215,2001-01-06,2,52,2020,False
Daniel Oturu,2020-2021,21.0,2,2416291.0,1208146.0,1,2019-20,80,240,1999-09-20,2,33,2020,False
Jordan Nwora,2020-2021,22.0,2,2416291.0,1208146.0,1,2019-20,80,225,1998-09-09,2,45,2020,False
CJ Elleby,2020-2021,20.0,2,2416291.0,1208146.0,1,2019-20,78,200,2000-06-16,2,46,2020,False
